Id;Hemkommun;Inriktning;Studiekommun
1;Ekerö;Yrkesutbildning;Ekerö
2;Ekerö;Studieförberedande;Ekerö
3;Ekerö;Yrkesutbildning;Ekerö
4;Ekerö;Yrkesutbildning;Ekerö
5;Ekerö;Yrkesutbildning;Ekerö
6;Ekerö;Yrkesutbildning;Ekerö
7;Ekerö;Yrkesutbildning;Ekerö
8;Ekerö;Yrkesutbildning;Ekerö
9;Ekerö;Yrkesutbildning;Ekerö
10;Ekerö;Yrkesutbildning;Ekerö
11;Ekerö;Yrkesutbildning;Ekerö
12;Ekerö;Yrkesutbildning;Ekerö
13;Ekerö;Yrkesutbildning;Ekerö
14;Ekerö;Yrkesutbildning;Ekerö
15;Ekerö;Yrkesutbildning;Ekerö
16;Ekerö;Yrkesutbildning;Ekerö
17;Ekerö;Studieförberedande;Ekerö
18;Ekerö;Studieförberedande;Ekerö
19;Ekerö;Studieförberedande;Ekerö
20;Ekerö;Studieförberedande;Ekerö
21;Ekerö;Studieförberedande;Ekerö
22;Ekerö;Studieförberedande;Ekerö
23;Ekerö;Studieförberedande;Ekerö
24;Ekerö;Studieförberedande;Ekerö
25;Ekerö;Studieförberedande;Ekerö
26;Ekerö;Studieförberedande;Ekerö
27;Ekerö;Studieförberedande;Ekerö
28;Ekerö;Studieförberedande;Ekerö
29;Ekerö;Studieförberedande;Stockholm
30;Ekerö;Studieförberedande;Stockholm
31;Ekerö;Studieförberedande;Stockholm
32;Ekerö;Studieförberedande;Stockholm
33;Ekerö;Studieförberedande;Stockholm
34;Ekerö;Studieförberedande;Stockholm
35;Ekerö;Studieförberedande;Stockholm
36;Ekerö;Studieförberedande;Stockholm
37;Ekerö;Studieförberedande;Stockholm
38;Ekerö;Studieförberedande;Stockholm
39;Ekerö;Studieförberedande;Stockholm
40;Ekerö;Studieförberedande;Stockholm
41;Huddinge;Studieförberedande;Stockholm
42;Huddinge;Studieförberedande;Stockholm
43;Huddinge;Studieförberedande;Stockholm
44;Huddinge;Studieförberedande;Stockholm
45;Huddinge;Studieförberedande;Stockholm
46;Huddinge;Studieförberedande;Stockholm
47;Huddinge;Studieförberedande;Stockholm
48;Huddinge;Studieförberedande;Stockholm
49;Huddinge;Studieförberedande;Stockholm
50;Huddinge;Yrkesutbildning;Stockholm
51;Huddinge;Yrkesutbildning;Stockholm
52;Huddinge;Yrkesutbildning;Stockholm
53;Huddinge;Yrkesutbildning;Stockholm
54;Huddinge;Yrkesutbildning;Stockholm
55;Huddinge;Yrkesutbildning;Huddinge
56;Huddinge;Yrkesutbildning;Huddinge
57;Huddinge;Yrkesutbildning;Huddinge
58;Huddinge;Yrkesutbildning;Huddinge
59;Huddinge;Studieförberedande;Huddinge
60;Huddinge;Studieförberedande;Huddinge
61;Huddinge;Studieförberedande;Huddinge
62;Huddinge;Studieförberedande;Huddinge
63;Huddinge;Studieförberedande;Huddinge
64;Huddinge;Studieförberedande;Huddinge
65;Huddinge;Studieförberedande;Huddinge
66;Huddinge;Studieförberedande;Huddinge
67;Huddinge;Studieförberedande;Huddinge
68;Huddinge;Studieförberedande;Huddinge
69;Huddinge;Studieförberedande;Huddinge
70;Huddinge;Studieförberedande;Huddinge
71;Huddinge;Studieförberedande;Huddinge
72;Huddinge;Studieförberedande;Huddinge
73;Huddinge;Studieförberedande;Huddinge
74;Huddinge;Studieförberedande;Huddinge
75;Huddinge;Studieförberedande;Huddinge
76;Huddinge;Studieförberedande;Huddinge
77;Huddinge;Studieförberedande;Huddinge
78;Huddinge;Studieförberedande;Huddinge
79;Huddinge;Studieförberedande;Huddinge
80;Huddinge;Studieförberedande;Huddinge
81;Huddinge;Studieförberedande;Huddinge
82;Huddinge;Studieförberedande;Huddinge
83;Huddinge;Studieförberedande;Huddinge
84;Huddinge;Studieförberedande;Huddinge
85;Huddinge;Studieförberedande;Huddinge
86;Huddinge;Studieförberedande;Huddinge
87;Huddinge;Studieförberedande;Huddinge
88;Huddinge;Studieförberedande;Huddinge
89;Huddinge;Studieförberedande;Huddinge
90;Huddinge;Studieförberedande;Huddinge
91;Huddinge;Studieförberedande;Huddinge
92;Huddinge;Studieförberedande;Huddinge
93;Huddinge;Studieförberedande;Huddinge
94;Huddinge;Studieförberedande;Huddinge
95;Huddinge;Studieförberedande;Huddinge
96;Huddinge;Studieförberedande;Huddinge
97;Huddinge;Yrkesutbildning;Huddinge
98;Huddinge;Yrkesutbildning;Huddinge
99;Huddinge;Yrkesutbildning;Huddinge
100;Huddinge;Yrkesutbildning;Huddinge
101;Huddinge;Yrkesutbildning;Huddinge
102;Huddinge;Yrkesutbildning;Huddinge
103;Huddinge;Yrkesutbildning;Huddinge
104;Huddinge;Yrkesutbildning;Huddinge
105;Huddinge;Yrkesutbildning;Huddinge
106;Huddinge;Yrkesutbildning;Huddinge
107;Huddinge;Yrkesutbildning;Huddinge
108;Huddinge;Yrkesutbildning;Huddinge
109;Huddinge;Yrkesutbildning;Huddinge
110;Huddinge;Yrkesutbildning;Huddinge
111;Huddinge;Yrkesutbildning;Huddinge
112;Huddinge;Yrkesutbildning;Huddinge
113;Huddinge;Yrkesutbildning;Huddinge
114;Huddinge;Yrkesutbildning;Huddinge
115;Huddinge;Yrkesutbildning;Huddinge
116;Huddinge;Yrkesutbildning;Huddinge
117;Huddinge;Yrkesutbildning;Huddinge
118;Huddinge;Yrkesutbildning;Huddinge
119;Huddinge;Yrkesutbildning;Huddinge
120;Huddinge;Yrkesutbildning;Huddinge
121;Huddinge;Yrkesutbildning;Huddinge
122;Huddinge;Yrkesutbildning;Huddinge
123;Huddinge;Yrkesutbildning;Huddinge
124;Huddinge;Yrkesutbildning;Huddinge
125;Huddinge;Yrkesutbildning;Huddinge
126;Huddinge;Yrkesutbildning;Huddinge
127;Huddinge;Yrkesutbildning;Huddinge
128;Huddinge;Yrkesutbildning;Huddinge
129;Huddinge;Yrkesutbildning;Huddinge
130;Huddinge;Yrkesutbildning;Huddinge
131;Huddinge;Yrkesutbildning;Huddinge
132;Huddinge;Yrkesutbildning;Huddinge
133;Huddinge;Yrkesutbildning;Huddinge
134;Huddinge;Yrkesutbildning;Huddinge
135;Huddinge;Yrkesutbildning;Huddinge
136;Huddinge;Yrkesutbildning;Huddinge
137;Huddinge;Yrkesutbildning;Huddinge
138;Huddinge;Yrkesutbildning;Huddinge
139;Huddinge;Yrkesutbildning;Huddinge
140;Huddinge;Yrkesutbildning;Huddinge
141;Huddinge;Yrkesutbildning;Huddinge
142;Huddinge;Yrkesutbildning;Huddinge
143;Huddinge;Yrkesutbildning;Huddinge
144;Huddinge;Yrkesutbildning;Huddinge
145;Huddinge;Yrkesutbildning;Huddinge
146;Huddinge;Yrkesutbildning;Huddinge
147;Huddinge;Yrkesutbildning;Huddinge
148;Huddinge;Yrkesutbildning;Huddinge
149;Huddinge;Yrkesutbildning;Huddinge
150;Huddinge;Yrkesutbildning;Huddinge
151;Huddinge;Yrkesutbildning;Huddinge
152;Huddinge;Yrkesutbildning;Huddinge
153;Huddinge;Yrkesutbildning;Huddinge
154;Huddinge;Yrkesutbildning;Huddinge
155;Huddinge;Studieförberedande;Huddinge
156;Huddinge;Studieförberedande;Huddinge
157;Huddinge;Studieförberedande;Huddinge
158;Huddinge;Studieförberedande;Huddinge
159;Huddinge;Studieförberedande;Huddinge
160;Huddinge;Studieförberedande;Huddinge
161;Huddinge;Studieförberedande;Huddinge
162;Huddinge;Studieförberedande;Huddinge
163;Huddinge;Studieförberedande;Huddinge
164;Huddinge;Studieförberedande;Huddinge
165;Huddinge;Studieförberedande;Huddinge
166;Huddinge;Studieförberedande;Huddinge
167;Huddinge;Studieförberedande;Huddinge
168;Huddinge;Studieförberedande;Huddinge
169;Huddinge;Studieförberedande;Huddinge
170;Huddinge;Studieförberedande;Huddinge
171;Huddinge;Studieförberedande;Huddinge
172;Huddinge;Studieförberedande;Huddinge
173;Huddinge;Studieförberedande;Huddinge
174;Huddinge;Studieförberedande;Huddinge
175;Huddinge;Studieförberedande;Huddinge
176;Huddinge;Studieförberedande;Huddinge
177;Huddinge;Studieförberedande;Huddinge
178;Huddinge;Studieförberedande;Huddinge
179;Huddinge;Studieförberedande;Huddinge
180;Huddinge;Studieförberedande;Huddinge
181;Huddinge;Studieförberedande;Huddinge
182;Huddinge;Studieförberedande;Huddinge
183;Huddinge;Studieförberedande;Huddinge
184;Huddinge;Studieförberedande;Huddinge
185;Huddinge;Studieförberedande;Huddinge
186;Huddinge;Studieförberedande;Huddinge
187;Huddinge;Studieförberedande;Huddinge
188;Huddinge;Studieförberedande;Huddinge
189;Huddinge;Studieförberedande;Huddinge
190;Huddinge;Studieförberedande;Huddinge
191;Huddinge;Studieförberedande;Huddinge
192;Huddinge;Studieförberedande;Huddinge
193;Huddinge;Studieförberedande;Huddinge
194;Huddinge;Studieförberedande;Huddinge
195;Huddinge;Studieförberedande;Huddinge
196;Huddinge;Studieförberedande;Huddinge
197;Huddinge;Studieförberedande;Huddinge
198;Huddinge;Studieförberedande;Huddinge
199;Huddinge;Studieförberedande;Huddinge
200;Huddinge;Studieförberedande;Huddinge
201;Huddinge;Studieförberedande;Huddinge
202;Huddinge;Studieförberedande;Huddinge
203;Huddinge;Studieförberedande;Huddinge
204;Huddinge;Studieförberedande;Huddinge
205;Huddinge;Studieförberedande;Huddinge
206;Huddinge;Studieförberedande;Huddinge
207;Huddinge;Studieförberedande;Huddinge
208;Huddinge;Studieförberedande;Huddinge
209;Huddinge;Studieförberedande;Huddinge
210;Huddinge;Studieförberedande;Huddinge
211;Huddinge;Studieförberedande;Huddinge
212;Huddinge;Studieförberedande;Huddinge
213;Huddinge;Studieförberedande;Huddinge
214;Huddinge;Studieförberedande;Huddinge
215;Huddinge;Studieförberedande;Huddinge
216;Huddinge;Studieförberedande;Huddinge
217;Huddinge;Studieförberedande;Huddinge
218;Huddinge;Studieförberedande;Huddinge
219;Huddinge;Studieförberedande;Huddinge
220;Huddinge;Studieförberedande;Huddinge
221;Huddinge;Studieförberedande;Huddinge
222;Huddinge;Studieförberedande;Huddinge
223;Huddinge;Studieförberedande;Huddinge
224;Huddinge;Studieförberedande;Huddinge
225;Huddinge;Studieförberedande;Huddinge
226;Huddinge;Studieförberedande;Huddinge
227;Huddinge;Studieförberedande;Huddinge
228;Huddinge;Studieförberedande;Huddinge
229;Huddinge;Studieförberedande;Huddinge
230;Huddinge;Studieförberedande;Huddinge
231;Huddinge;Studieförberedande;Huddinge
232;Huddinge;Studieförberedande;Huddinge
233;Huddinge;Studieförberedande;Huddinge
234;Huddinge;Studieförberedande;Huddinge
235;Huddinge;Studieförberedande;Huddinge
236;Huddinge;Studieförberedande;Huddinge
237;Huddinge;Studieförberedande;Huddinge
238;Huddinge;Studieförberedande;Huddinge
239;Huddinge;Studieförberedande;Huddinge
240;Huddinge;Studieförberedande;Huddinge
241;Huddinge;Studieförberedande;Huddinge
242;Haninge;Studieförberedande;Haninge
243;Haninge;Studieförberedande;Haninge
244;Haninge;Studieförberedande;Haninge
245;Haninge;Studieförberedande;Haninge
246;Haninge;Studieförberedande;Haninge
247;Haninge;Studieförberedande;Haninge
248;Haninge;Studieförberedande;Haninge
249;Haninge;Studieförberedande;Haninge
250;Haninge;Studieförberedande;Haninge
251;Haninge;Studieförberedande;Haninge
252;Haninge;Studieförberedande;Haninge
253;Haninge;Studieförberedande;Haninge
254;Haninge;Studieförberedande;Haninge
255;Haninge;Studieförberedande;Haninge
256;Haninge;Yrkesutbildning;Haninge
257;Haninge;Yrkesutbildning;Haninge
258;Haninge;Yrkesutbildning;Haninge
259;Haninge;Yrkesutbildning;Haninge
260;Haninge;Yrkesutbildning;Haninge
261;Haninge;Yrkesutbildning;Haninge
262;Haninge;Yrkesutbildning;Haninge
263;Haninge;Studieförberedande;Haninge
264;Haninge;Studieförberedande;Haninge
265;Haninge;Studieförberedande;Haninge
266;Haninge;Studieförberedande;Haninge
267;Haninge;Studieförberedande;Haninge
268;Haninge;Studieförberedande;Haninge
269;Haninge;Studieförberedande;Haninge
270;Haninge;Studieförberedande;Haninge
271;Haninge;Studieförberedande;Haninge
272;Haninge;Studieförberedande;Haninge
273;Haninge;Studieförberedande;Haninge
274;Haninge;Studieförberedande;Haninge
275;Haninge;Studieförberedande;Haninge
276;Haninge;Studieförberedande;Haninge
277;Haninge;Studieförberedande;Haninge
278;Haninge;Studieförberedande;Haninge
279;Haninge;Studieförberedande;Haninge
280;Haninge;Studieförberedande;Haninge
281;Haninge;Studieförberedande;Haninge
282;Haninge;Studieförberedande;Haninge
283;Haninge;Studieförberedande;Haninge
284;Haninge;Studieförberedande;Haninge
285;Haninge;Studieförberedande;Haninge
286;Haninge;Studieförberedande;Haninge
287;Haninge;Yrkesutbildning;Haninge
288;Haninge;Yrkesutbildning;Haninge
289;Haninge;Yrkesutbildning;Haninge
290;Haninge;Yrkesutbildning;Haninge
291;Haninge;Yrkesutbildning;Haninge
292;Haninge;Yrkesutbildning;Haninge
293;Haninge;Yrkesutbildning;Haninge
294;Haninge;Yrkesutbildning;Haninge
295;Haninge;Yrkesutbildning;Haninge
296;Haninge;Yrkesutbildning;Haninge
297;Haninge;Yrkesutbildning;Haninge
298;Haninge;Yrkesutbildning;Haninge
299;Haninge;Yrkesutbildning;Haninge
300;Haninge;Studieförberedande;Haninge
301;Haninge;Studieförberedande;Haninge
302;Haninge;Studieförberedande;Haninge
303;Haninge;Studieförberedande;Haninge
304;Haninge;Studieförberedande;Haninge
305;Haninge;Studieförberedande;Haninge
306;Haninge;Studieförberedande;Haninge
307;Haninge;Studieförberedande;Haninge
308;Haninge;Studieförberedande;Haninge
309;Haninge;Studieförberedande;Haninge
310;Haninge;Studieförberedande;Haninge
311;Haninge;Studieförberedande;Haninge
312;Haninge;Studieförberedande;Haninge
313;Haninge;Studieförberedande;Haninge
314;Haninge;Studieförberedande;Haninge
315;Haninge;Studieförberedande;Haninge
316;Haninge;Studieförberedande;Haninge
317;Haninge;Studieförberedande;Haninge
318;Haninge;Studieförberedande;Haninge
319;Haninge;Studieförberedande;Haninge
320;Haninge;Studieförberedande;Haninge
321;Haninge;Studieförberedande;Haninge
322;Haninge;Studieförberedande;Haninge
323;Haninge;Studieförberedande;Haninge
324;Haninge;Studieförberedande;Haninge
325;Haninge;Studieförberedande;Haninge
326;Haninge;Studieförberedande;Haninge
327;Haninge;Studieförberedande;Haninge
328;Haninge;Studieförberedande;Haninge
329;Haninge;Studieförberedande;Haninge
330;Haninge;Studieförberedande;Haninge
331;Haninge;Studieförberedande;Haninge
332;Haninge;Studieförberedande;Haninge
333;Haninge;Studieförberedande;Haninge
334;Haninge;Studieförberedande;Haninge
335;Haninge;Studieförberedande;Haninge
336;Haninge;Studieförberedande;Haninge
337;Haninge;Studieförberedande;Haninge
338;Haninge;Studieförberedande;Haninge
339;Haninge;Studieförberedande;Haninge
340;Haninge;Studieförberedande;Haninge
341;Haninge;Studieförberedande;Haninge
342;Haninge;Studieförberedande;Haninge
343;Haninge;Studieförberedande;Haninge
344;Haninge;Studieförberedande;Haninge
345;Haninge;Studieförberedande;Haninge
346;Haninge;Studieförberedande;Haninge
347;Haninge;Studieförberedande;Haninge
348;Haninge;Studieförberedande;Haninge
349;Haninge;Studieförberedande;Haninge
350;Haninge;Studieförberedande;Haninge
351;Haninge;Studieförberedande;Haninge
352;Haninge;Studieförberedande;Haninge
353;Haninge;Studieförberedande;Haninge
354;Haninge;Studieförberedande;Haninge
355;Haninge;Studieförberedande;Haninge
356;Haninge;Studieförberedande;Haninge
357;Haninge;Studieförberedande;Haninge
358;Haninge;Studieförberedande;Haninge
359;Haninge;Studieförberedande;Haninge
360;Haninge;Studieförberedande;Haninge
361;Haninge;Studieförberedande;Haninge
362;Haninge;Studieförberedande;Haninge
363;Haninge;Studieförberedande;Haninge
364;Haninge;Studieförberedande;Haninge
365;Haninge;Studieförberedande;Haninge
366;Haninge;Studieförberedande;Haninge
367;Haninge;Studieförberedande;Haninge
368;Haninge;Studieförberedande;Haninge
369;Haninge;Studieförberedande;Haninge
370;Haninge;Studieförberedande;Haninge
371;Haninge;Studieförberedande;Haninge
372;Haninge;Studieförberedande;Haninge
373;Haninge;Studieförberedande;Haninge
374;Haninge;Studieförberedande;Haninge
375;Haninge;Studieförberedande;Haninge
376;Haninge;Studieförberedande;Haninge
377;Haninge;Studieförberedande;Haninge
378;Haninge;Studieförberedande;Haninge
379;Haninge;Studieförberedande;Haninge
380;Haninge;Studieförberedande;Stockholm
381;Haninge;Studieförberedande;Stockholm
382;Haninge;Studieförberedande;Stockholm
383;Haninge;Studieförberedande;Stockholm
384;Haninge;Studieförberedande;Stockholm
385;Haninge;Studieförberedande;Stockholm
386;Haninge;Studieförberedande;Stockholm
387;Haninge;Studieförberedande;Stockholm
388;Haninge;Studieförberedande;Stockholm
389;Haninge;Studieförberedande;Stockholm
390;Haninge;Studieförberedande;Stockholm
391;Haninge;Studieförberedande;Stockholm
392;Haninge;Studieförberedande;Stockholm
393;Haninge;Studieförberedande;Stockholm
394;Haninge;Studieförberedande;Stockholm
395;Haninge;Studieförberedande;Stockholm
396;Haninge;Studieförberedande;Stockholm
397;Haninge;Studieförberedande;Stockholm
398;Haninge;Studieförberedande;Stockholm
399;Haninge;Studieförberedande;Stockholm
400;Haninge;Studieförberedande;Stockholm
401;Haninge;Studieförberedande;Stockholm
402;Haninge;Studieförberedande;Stockholm
403;Haninge;Studieförberedande;Stockholm
404;Haninge;Studieförberedande;Stockholm
405;Haninge;Studieförberedande;Stockholm
406;Haninge;Studieförberedande;Stockholm
407;Haninge;Studieförberedande;Stockholm
408;Haninge;Studieförberedande;Stockholm
409;Haninge;Studieförberedande;Stockholm
410;Haninge;Studieförberedande;Stockholm
411;Haninge;Studieförberedande;Stockholm
412;Haninge;Studieförberedande;Stockholm
413;Haninge;Studieförberedande;Stockholm
414;Haninge;Studieförberedande;Stockholm
415;Haninge;Studieförberedande;Stockholm
416;Haninge;Studieförberedande;Stockholm
417;Haninge;Studieförberedande;Stockholm
418;Haninge;Studieförberedande;Stockholm
419;Haninge;Studieförberedande;Stockholm
420;Haninge;Studieförberedande;Stockholm
421;Haninge;Studieförberedande;Stockholm
422;Haninge;Studieförberedande;Stockholm
423;Haninge;Studieförberedande;Stockholm
424;Haninge;Studieförberedande;Stockholm
425;Haninge;Studieförberedande;Stockholm
426;Haninge;Studieförberedande;Stockholm
427;Haninge;Studieförberedande;Stockholm
428;Haninge;Studieförberedande;Stockholm
429;Haninge;Studieförberedande;Stockholm
430;Haninge;Studieförberedande;Stockholm
431;Haninge;Studieförberedande;Stockholm
432;Haninge;Studieförberedande;Stockholm
433;Haninge;Studieförberedande;Stockholm
434;Haninge;Studieförberedande;Stockholm
435;Haninge;Studieförberedande;Stockholm
436;Haninge;Studieförberedande;Stockholm
437;Haninge;Studieförberedande;Stockholm
438;Haninge;Studieförberedande;Stockholm
439;Haninge;Studieförberedande;Stockholm
440;Haninge;Studieförberedande;Stockholm
441;Haninge;Studieförberedande;Stockholm
442;Haninge;Studieförberedande;Stockholm
443;Haninge;Studieförberedande;Stockholm
444;Haninge;Studieförberedande;Stockholm
445;Haninge;Studieförberedande;Stockholm
446;Haninge;Studieförberedande;Stockholm
447;Haninge;Studieförberedande;Stockholm
448;Haninge;Studieförberedande;Stockholm
449;Haninge;Studieförberedande;Stockholm
450;Haninge;Studieförberedande;Stockholm
451;Haninge;Studieförberedande;Stockholm
452;Haninge;Studieförberedande;Stockholm
453;Haninge;Studieförberedande;Stockholm
454;Haninge;Studieförberedande;Stockholm
455;Haninge;Studieförberedande;Stockholm
456;Haninge;Studieförberedande;Stockholm
457;Haninge;Studieförberedande;Stockholm
458;Haninge;Studieförberedande;Stockholm
459;Haninge;Studieförberedande;Stockholm
460;Haninge;Studieförberedande;Stockholm
461;Haninge;Studieförberedande;Stockholm
462;Haninge;Studieförberedande;Stockholm
463;Haninge;Studieförberedande;Stockholm
464;Haninge;Studieförberedande;Stockholm
465;Haninge;Studieförberedande;Stockholm
466;Haninge;Studieförberedande;Stockholm
467;Haninge;Studieförberedande;Stockholm
468;Haninge;Studieförberedande;Stockholm
469;Haninge;Studieförberedande;Stockholm
470;Haninge;Studieförberedande;Stockholm
471;Haninge;Studieförberedande;Stockholm
472;Haninge;Studieförberedande;Stockholm
473;Haninge;Studieförberedande;Stockholm
474;Haninge;Studieförberedande;Stockholm
475;Haninge;Studieförberedande;Stockholm
476;Järfälla;Studieförberedande;Järfälla
477;Järfälla;Studieförberedande;Järfälla
478;Järfälla;Studieförberedande;Järfälla
479;Järfälla;Studieförberedande;Järfälla
480;Järfälla;Studieförberedande;Järfälla
481;Järfälla;Studieförberedande;Järfälla
482;Järfälla;Studieförberedande;Järfälla
483;Järfälla;Studieförberedande;Järfälla
484;Järfälla;Studieförberedande;Järfälla
485;Järfälla;Studieförberedande;Järfälla
486;Järfälla;Studieförberedande;Järfälla
487;Järfälla;Studieförberedande;Järfälla
488;Järfälla;Studieförberedande;Järfälla
489;Järfälla;Studieförberedande;Järfälla
490;Järfälla;Studieförberedande;Järfälla
491;Järfälla;Studieförberedande;Järfälla
492;Järfälla;Studieförberedande;Järfälla
493;Järfälla;Studieförberedande;Järfälla
494;Järfälla;Yrkesutbildning;Järfälla
495;Järfälla;Yrkesutbildning;Järfälla
496;Järfälla;Yrkesutbildning;Järfälla
497;Järfälla;Yrkesutbildning;Järfälla
498;Järfälla;Yrkesutbildning;Järfälla
499;Järfälla;Yrkesutbildning;Järfälla
500;Järfälla;Yrkesutbildning;Järfälla
501;Järfälla;Yrkesutbildning;Järfälla
502;Järfälla;Yrkesutbildning;Järfälla
503;Järfälla;Yrkesutbildning;Järfälla
504;Järfälla;Yrkesutbildning;Järfälla
505;Järfälla;Yrkesutbildning;Järfälla
506;Järfälla;Yrkesutbildning;Järfälla
507;Järfälla;Yrkesutbildning;Järfälla
508;Järfälla;Yrkesutbildning;Järfälla
509;Järfälla;Yrkesutbildning;Järfälla
510;Järfälla;Yrkesutbildning;Järfälla
511;Järfälla;Yrkesutbildning;Järfälla
512;Järfälla;Yrkesutbildning;Järfälla
513;Järfälla;Yrkesutbildning;Järfälla
514;Järfälla;Yrkesutbildning;Järfälla
515;Järfälla;Yrkesutbildning;Järfälla
516;Järfälla;Studieförberedande;Järfälla
517;Järfälla;Studieförberedande;Järfälla
518;Järfälla;Studieförberedande;Järfälla
519;Järfälla;Studieförberedande;Järfälla
520;Järfälla;Studieförberedande;Järfälla
521;Järfälla;Studieförberedande;Järfälla
522;Järfälla;Studieförberedande;Järfälla
523;Järfälla;Studieförberedande;Järfälla
524;Järfälla;Yrkesutbildning;Järfälla
525;Järfälla;Yrkesutbildning;Järfälla
526;Järfälla;Yrkesutbildning;Järfälla
527;Järfälla;Yrkesutbildning;Järfälla
528;Järfälla;Yrkesutbildning;Järfälla
529;Järfälla;Yrkesutbildning;Järfälla
530;Järfälla;Yrkesutbildning;Järfälla
531;Järfälla;Yrkesutbildning;Järfälla
532;Järfälla;Yrkesutbildning;Järfälla
533;Järfälla;Yrkesutbildning;Järfälla
534;Järfälla;Yrkesutbildning;Järfälla
535;Järfälla;Yrkesutbildning;Järfälla
536;Järfälla;Yrkesutbildning;Järfälla
537;Järfälla;Yrkesutbildning;Järfälla
538;Järfälla;Yrkesutbildning;Järfälla
539;Järfälla;Yrkesutbildning;Järfälla
540;Järfälla;Yrkesutbildning;Järfälla
541;Järfälla;Yrkesutbildning;Järfälla
542;Järfälla;Yrkesutbildning;Järfälla
543;Järfälla;Yrkesutbildning;Järfälla
544;Järfälla;Yrkesutbildning;Järfälla
545;Järfälla;Yrkesutbildning;Järfälla
546;Järfälla;Yrkesutbildning;Järfälla
547;Järfälla;Yrkesutbildning;Järfälla
548;Järfälla;Yrkesutbildning;Järfälla
549;Järfälla;Yrkesutbildning;Järfälla
550;Järfälla;Yrkesutbildning;Järfälla
551;Järfälla;Yrkesutbildning;Järfälla
552;Järfälla;Yrkesutbildning;Järfälla
553;Järfälla;Yrkesutbildning;Järfälla
554;Järfälla;Studieförberedande;Järfälla
555;Järfälla;Studieförberedande;Järfälla
556;Järfälla;Studieförberedande;Järfälla
557;Järfälla;Studieförberedande;Järfälla
558;Järfälla;Studieförberedande;Järfälla
559;Järfälla;Studieförberedande;Järfälla
560;Järfälla;Studieförberedande;Järfälla
561;Järfälla;Studieförberedande;Järfälla
562;Järfälla;Studieförberedande;Järfälla
563;Järfälla;Studieförberedande;Järfälla
564;Järfälla;Studieförberedande;Järfälla
565;Järfälla;Studieförberedande;Järfälla
566;Järfälla;Studieförberedande;Järfälla
567;Järfälla;Studieförberedande;Järfälla
568;Järfälla;Studieförberedande;Järfälla
569;Järfälla;Studieförberedande;Järfälla
570;Järfälla;Studieförberedande;Järfälla
571;Järfälla;Studieförberedande;Järfälla
572;Järfälla;Studieförberedande;Järfälla
573;Järfälla;Studieförberedande;Järfälla
574;Järfälla;Studieförberedande;Järfälla
575;Järfälla;Studieförberedande;Järfälla
576;Järfälla;Studieförberedande;Järfälla
577;Järfälla;Studieförberedande;Järfälla
578;Järfälla;Studieförberedande;Järfälla
579;Järfälla;Studieförberedande;Järfälla
580;Järfälla;Studieförberedande;Järfälla
581;Järfälla;Studieförberedande;Järfälla
582;Järfälla;Studieförberedande;Järfälla
583;Järfälla;Studieförberedande;Järfälla
584;Järfälla;Studieförberedande;Järfälla
585;Järfälla;Studieförberedande;Järfälla
586;Järfälla;Studieförberedande;Järfälla
587;Järfälla;Studieförberedande;Järfälla
588;Järfälla;Studieförberedande;Järfälla
589;Järfälla;Studieförberedande;Järfälla
590;Järfälla;Studieförberedande;Järfälla
591;Järfälla;Studieförberedande;Järfälla
592;Järfälla;Studieförberedande;Järfälla
593;Järfälla;Studieförberedande;Järfälla
594;Järfälla;Yrkesutbildning;Järfälla
595;Järfälla;Yrkesutbildning;Järfälla
596;Järfälla;Yrkesutbildning;Järfälla
597;Järfälla;Yrkesutbildning;Järfälla
598;Järfälla;Yrkesutbildning;Järfälla
599;Järfälla;Yrkesutbildning;Stockholm
600;Järfälla;Yrkesutbildning;Stockholm
601;Järfälla;Yrkesutbildning;Stockholm
602;Järfälla;Yrkesutbildning;Stockholm
603;Järfälla;Yrkesutbildning;Stockholm
604;Järfälla;Yrkesutbildning;Stockholm
605;Järfälla;Yrkesutbildning;Stockholm
606;Järfälla;Yrkesutbildning;Stockholm
607;Järfälla;Yrkesutbildning;Stockholm
608;Järfälla;Yrkesutbildning;Stockholm
609;Järfälla;Yrkesutbildning;Stockholm
610;Järfälla;Yrkesutbildning;Stockholm
611;Järfälla;Yrkesutbildning;Stockholm
612;Järfälla;Yrkesutbildning;Stockholm
613;Järfälla;Yrkesutbildning;Stockholm
614;Järfälla;Yrkesutbildning;Stockholm
615;Järfälla;Yrkesutbildning;Stockholm
616;Järfälla;Yrkesutbildning;Stockholm
617;Järfälla;Yrkesutbildning;Stockholm
618;Järfälla;Yrkesutbildning;Stockholm
619;Järfälla;Studieförberedande;Stockholm
620;Järfälla;Studieförberedande;Stockholm
621;Järfälla;Studieförberedande;Stockholm
622;Järfälla;Studieförberedande;Stockholm
623;Järfälla;Studieförberedande;Stockholm
624;Järfälla;Studieförberedande;Stockholm
625;Järfälla;Studieförberedande;Stockholm
626;Järfälla;Studieförberedande;Stockholm
627;Järfälla;Studieförberedande;Stockholm
628;Järfälla;Yrkesutbildning;Stockholm
629;Järfälla;Yrkesutbildning;Stockholm
630;Järfälla;Yrkesutbildning;Stockholm
631;Järfälla;Yrkesutbildning;Stockholm
632;Järfälla;Yrkesutbildning;Stockholm
633;Järfälla;Yrkesutbildning;Stockholm
634;Järfälla;Yrkesutbildning;Stockholm
635;Järfälla;Yrkesutbildning;Stockholm
636;Järfälla;Yrkesutbildning;Stockholm
637;Järfälla;Yrkesutbildning;Stockholm
638;Järfälla;Yrkesutbildning;Stockholm
639;Järfälla;Yrkesutbildning;Stockholm
640;Järfälla;Yrkesutbildning;Stockholm
641;Järfälla;Yrkesutbildning;Stockholm
642;Järfälla;Yrkesutbildning;Stockholm
643;Järfälla;Yrkesutbildning;Stockholm
644;Järfälla;Yrkesutbildning;Stockholm
645;Järfälla;Yrkesutbildning;Stockholm
646;Järfälla;Yrkesutbildning;Stockholm
647;Lidingö;Yrkesutbildning;Lidingö
648;Lidingö;Yrkesutbildning;Lidingö
649;Lidingö;Yrkesutbildning;Lidingö
650;Lidingö;Yrkesutbildning;Lidingö
651;Lidingö;Yrkesutbildning;Lidingö
652;Lidingö;Yrkesutbildning;Lidingö
653;Lidingö;Yrkesutbildning;Lidingö
654;Lidingö;Yrkesutbildning;Lidingö
655;Lidingö;Yrkesutbildning;Lidingö
656;Lidingö;Yrkesutbildning;Lidingö
657;Lidingö;Yrkesutbildning;Lidingö
658;Lidingö;Yrkesutbildning;Lidingö
659;Lidingö;Studieförberedande;Lidingö
660;Lidingö;Studieförberedande;Lidingö
661;Lidingö;Studieförberedande;Lidingö
662;Lidingö;Studieförberedande;Lidingö
663;Lidingö;Studieförberedande;Lidingö
664;Lidingö;Studieförberedande;Lidingö
665;Lidingö;Yrkesutbildning;Lidingö
666;Lidingö;Yrkesutbildning;Lidingö
667;Lidingö;Yrkesutbildning;Lidingö
668;Lidingö;Yrkesutbildning;Lidingö
669;Lidingö;Yrkesutbildning;Lidingö
670;Lidingö;Yrkesutbildning;Lidingö
671;Lidingö;Yrkesutbildning;Lidingö
672;Lidingö;Yrkesutbildning;Lidingö
673;Lidingö;Yrkesutbildning;Lidingö
674;Lidingö;Studieförberedande;Lidingö
675;Lidingö;Studieförberedande;Lidingö
676;Lidingö;Studieförberedande;Lidingö
677;Lidingö;Studieförberedande;Lidingö
678;Lidingö;Studieförberedande;Lidingö
679;Lidingö;Yrkesutbildning;Lidingö
680;Lidingö;Yrkesutbildning;Lidingö
681;Lidingö;Yrkesutbildning;Lidingö
682;Lidingö;Yrkesutbildning;Lidingö
683;Lidingö;Yrkesutbildning;Lidingö
684;Lidingö;Yrkesutbildning;Lidingö
685;Lidingö;Yrkesutbildning;Lidingö
686;Lidingö;Yrkesutbildning;Lidingö
687;Lidingö;Yrkesutbildning;Lidingö
688;Lidingö;Yrkesutbildning;Lidingö
689;Lidingö;Yrkesutbildning;Lidingö
690;Lidingö;Yrkesutbildning;Lidingö
691;Lidingö;Yrkesutbildning;Lidingö
692;Lidingö;Yrkesutbildning;Lidingö
693;Lidingö;Yrkesutbildning;Lidingö
694;Lidingö;Yrkesutbildning;Lidingö
695;Lidingö;Yrkesutbildning;Lidingö
696;Lidingö;Yrkesutbildning;Lidingö
697;Lidingö;Yrkesutbildning;Lidingö
698;Lidingö;Yrkesutbildning;Lidingö
699;Lidingö;Yrkesutbildning;Lidingö
700;Lidingö;Yrkesutbildning;Lidingö
701;Lidingö;Yrkesutbildning;Lidingö
702;Lidingö;Yrkesutbildning;Lidingö
703;Lidingö;Yrkesutbildning;Lidingö
704;Lidingö;Yrkesutbildning;Lidingö
705;Lidingö;Yrkesutbildning;Lidingö
706;Lidingö;Yrkesutbildning;Lidingö
707;Lidingö;Yrkesutbildning;Lidingö
708;Lidingö;Yrkesutbildning;Lidingö
709;Lidingö;Yrkesutbildning;Lidingö
710;Lidingö;Yrkesutbildning;Lidingö
711;Lidingö;Yrkesutbildning;Lidingö
712;Lidingö;Yrkesutbildning;Lidingö
713;Lidingö;Yrkesutbildning;Lidingö
714;Lidingö;Yrkesutbildning;Lidingö
715;Lidingö;Yrkesutbildning;Lidingö
716;Lidingö;Yrkesutbildning;Lidingö
717;Lidingö;Yrkesutbildning;Lidingö
718;Lidingö;Yrkesutbildning;Lidingö
719;Lidingö;Yrkesutbildning;Lidingö
720;Lidingö;Yrkesutbildning;Lidingö
721;Lidingö;Yrkesutbildning;Lidingö
722;Lidingö;Yrkesutbildning;Lidingö
723;Lidingö;Yrkesutbildning;Lidingö
724;Lidingö;Yrkesutbildning;Lidingö
725;Lidingö;Yrkesutbildning;Lidingö
726;Lidingö;Yrkesutbildning;Lidingö
727;Lidingö;Yrkesutbildning;Lidingö
728;Lidingö;Yrkesutbildning;Lidingö
729;Lidingö;Yrkesutbildning;Lidingö
730;Lidingö;Yrkesutbildning;Lidingö
731;Lidingö;Yrkesutbildning;Lidingö
732;Lidingö;Yrkesutbildning;Lidingö
733;Lidingö;Yrkesutbildning;Lidingö
734;Lidingö;Yrkesutbildning;Lidingö
735;Lidingö;Studieförberedande;Lidingö
736;Lidingö;Studieförberedande;Lidingö
737;Lidingö;Studieförberedande;Lidingö
738;Lidingö;Studieförberedande;Lidingö
739;Lidingö;Studieförberedande;Lidingö
740;Lidingö;Studieförberedande;Lidingö
741;Lidingö;Studieförberedande;Lidingö
742;Lidingö;Studieförberedande;Lidingö
743;Lidingö;Yrkesutbildning;Lidingö
744;Lidingö;Yrkesutbildning;Lidingö
745;Lidingö;Yrkesutbildning;Lidingö
746;Lidingö;Yrkesutbildning;Lidingö
747;Lidingö;Yrkesutbildning;Lidingö
748;Lidingö;Studieförberedande;Lidingö
749;Lidingö;Studieförberedande;Lidingö
750;Lidingö;Studieförberedande;Lidingö
751;Lidingö;Studieförberedande;Lidingö
752;Lidingö;Studieförberedande;Lidingö
753;Lidingö;Studieförberedande;Lidingö
754;Lidingö;Studieförberedande;Lidingö
755;Lidingö;Studieförberedande;Lidingö
756;Lidingö;Studieförberedande;Lidingö
757;Lidingö;Studieförberedande;Lidingö
758;Lidingö;Studieförberedande;Lidingö
759;Lidingö;Studieförberedande;Lidingö
760;Lidingö;Studieförberedande;Lidingö
761;Lidingö;Studieförberedande;Lidingö
762;Lidingö;Studieförberedande;Lidingö
763;Lidingö;Studieförberedande;Lidingö
764;Lidingö;Studieförberedande;Lidingö
765;Lidingö;Studieförberedande;Lidingö
766;Lidingö;Studieförberedande;Lidingö
767;Lidingö;Studieförberedande;Lidingö
768;Lidingö;Studieförberedande;Lidingö
769;Lidingö;Studieförberedande;Lidingö
770;Lidingö;Studieförberedande;Lidingö
771;Lidingö;Studieförberedande;Lidingö
772;Lidingö;Studieförberedande;Lidingö
773;Lidingö;Studieförberedande;Lidingö
774;Lidingö;Studieförberedande;Lidingö
775;Lidingö;Studieförberedande;Lidingö
776;Lidingö;Studieförberedande;Lidingö
777;Lidingö;Studieförberedande;Lidingö
778;Lidingö;Studieförberedande;Lidingö
779;Lidingö;Studieförberedande;Lidingö
780;Lidingö;Studieförberedande;Lidingö
781;Lidingö;Studieförberedande;Lidingö
782;Lidingö;Studieförberedande;Lidingö
783;Lidingö;Studieförberedande;Lidingö
784;Lidingö;Studieförberedande;Lidingö
785;Lidingö;Studieförberedande;Lidingö
786;Lidingö;Studieförberedande;Lidingö
787;Lidingö;Studieförberedande;Lidingö
788;Lidingö;Studieförberedande;Lidingö
789;Lidingö;Studieförberedande;Lidingö
790;Lidingö;Studieförberedande;Lidingö
791;Lidingö;Studieförberedande;Lidingö
792;Lidingö;Studieförberedande;Lidingö
793;Lidingö;Studieförberedande;Lidingö
794;Lidingö;Studieförberedande;Lidingö
795;Lidingö;Studieförberedande;Lidingö
796;Lidingö;Studieförberedande;Lidingö
797;Lidingö;Studieförberedande;Lidingö
798;Lidingö;Studieförberedande;Lidingö
799;Lidingö;Studieförberedande;Lidingö
800;Lidingö;Studieförberedande;Lidingö
801;Lidingö;Studieförberedande;Lidingö
802;Lidingö;Studieförberedande;Lidingö
803;Lidingö;Studieförberedande;Lidingö
804;Lidingö;Studieförberedande;Lidingö
805;Lidingö;Studieförberedande;Lidingö
806;Lidingö;Studieförberedande;Lidingö
807;Lidingö;Studieförberedande;Lidingö
808;Lidingö;Studieförberedande;Lidingö
809;Lidingö;Studieförberedande;Lidingö
810;Lidingö;Studieförberedande;Lidingö
811;Lidingö;Studieförberedande;Lidingö
812;Lidingö;Studieförberedande;Lidingö
813;Lidingö;Studieförberedande;Lidingö
814;Lidingö;Studieförberedande;Lidingö
815;Lidingö;Studieförberedande;Lidingö
816;Lidingö;Studieförberedande;Lidingö
817;Lidingö;Studieförberedande;Lidingö
818;Lidingö;Studieförberedande;Lidingö
819;Lidingö;Studieförberedande;Lidingö
820;Lidingö;Studieförberedande;Lidingö
821;Lidingö;Studieförberedande;Lidingö
822;Lidingö;Studieförberedande;Lidingö
823;Lidingö;Studieförberedande;Lidingö
824;Lidingö;Studieförberedande;Lidingö
825;Lidingö;Studieförberedande;Lidingö
826;Lidingö;Studieförberedande;Lidingö
827;Lidingö;Studieförberedande;Lidingö
828;Lidingö;Studieförberedande;Lidingö
829;Lidingö;Studieförberedande;Lidingö
830;Lidingö;Studieförberedande;Lidingö
831;Lidingö;Studieförberedande;Lidingö
832;Lidingö;Studieförberedande;Huddinge
833;Lidingö;Studieförberedande;Huddinge
834;Lidingö;Studieförberedande;Huddinge
835;Lidingö;Studieförberedande;Huddinge
836;Lidingö;Studieförberedande;Huddinge
837;Lidingö;Studieförberedande;Huddinge
838;Lidingö;Studieförberedande;Huddinge
839;Lidingö;Studieförberedande;Huddinge
840;Lidingö;Studieförberedande;Huddinge
841;Lidingö;Studieförberedande;Huddinge
842;Lidingö;Studieförberedande;Huddinge
843;Lidingö;Studieförberedande;Huddinge
844;Lidingö;Studieförberedande;Huddinge
845;Lidingö;Studieförberedande;Huddinge
846;Lidingö;Studieförberedande;Huddinge
847;Lidingö;Studieförberedande;Huddinge
848;Lidingö;Studieförberedande;Huddinge
849;Lidingö;Studieförberedande;Huddinge
850;Lidingö;Studieförberedande;Huddinge
851;Lidingö;Studieförberedande;Huddinge
852;Lidingö;Studieförberedande;Huddinge
853;Lidingö;Studieförberedande;Huddinge
854;Lidingö;Studieförberedande;Huddinge
855;Lidingö;Studieförberedande;Huddinge
856;Lidingö;Studieförberedande;Huddinge
857;Lidingö;Studieförberedande;Huddinge
858;Lidingö;Studieförberedande;Huddinge
859;Lidingö;Studieförberedande;Huddinge
860;Lidingö;Studieförberedande;Huddinge
861;Lidingö;Studieförberedande;Huddinge
862;Lidingö;Studieförberedande;Huddinge
863;Lidingö;Studieförberedande;Huddinge
864;Lidingö;Studieförberedande;Huddinge
865;Lidingö;Studieförberedande;Huddinge
866;Lidingö;Studieförberedande;Huddinge
867;Lidingö;Studieförberedande;Huddinge
868;Lidingö;Studieförberedande;Huddinge
869;Lidingö;Studieförberedande;Huddinge
870;Lidingö;Studieförberedande;Huddinge
871;Lidingö;Studieförberedande;Huddinge
872;Lidingö;Studieförberedande;Huddinge
873;Lidingö;Studieförberedande;Huddinge
874;Lidingö;Studieförberedande;Huddinge
875;Lidingö;Studieförberedande;Huddinge
876;Lidingö;Studieförberedande;Stockholm
877;Lidingö;Studieförberedande;Stockholm
878;Lidingö;Studieförberedande;Stockholm
879;Lidingö;Studieförberedande;Stockholm
880;Lidingö;Studieförberedande;Stockholm
881;Lidingö;Studieförberedande;Stockholm
882;Lidingö;Studieförberedande;Stockholm
883;Lidingö;Studieförberedande;Stockholm
884;Lidingö;Studieförberedande;Stockholm
885;Lidingö;Studieförberedande;Stockholm
886;Lidingö;Studieförberedande;Stockholm
887;Lidingö;Studieförberedande;Stockholm
888;Lidingö;Studieförberedande;Stockholm
889;Lidingö;Studieförberedande;Stockholm
890;Lidingö;Studieförberedande;Stockholm
891;Lidingö;Studieförberedande;Stockholm
892;Lidingö;Studieförberedande;Stockholm
893;Lidingö;Studieförberedande;Stockholm
894;Lidingö;Studieförberedande;Stockholm
895;Lidingö;Studieförberedande;Stockholm
896;Lidingö;Studieförberedande;Stockholm
897;Lidingö;Studieförberedande;Stockholm
898;Lidingö;Studieförberedande;Stockholm
899;Lidingö;Studieförberedande;Stockholm
900;Lidingö;Studieförberedande;Stockholm
901;Lidingö;Studieförberedande;Stockholm
902;Lidingö;Studieförberedande;Stockholm
903;Lidingö;Studieförberedande;Stockholm
904;Lidingö;Studieförberedande;Stockholm
905;Lidingö;Studieförberedande;Stockholm
906;Lidingö;Studieförberedande;Stockholm
907;Lidingö;Studieförberedande;Stockholm
908;Lidingö;Studieförberedande;Stockholm
909;Lidingö;Studieförberedande;Stockholm
910;Lidingö;Studieförberedande;Stockholm
911;Lidingö;Studieförberedande;Stockholm
912;Lidingö;Studieförberedande;Stockholm
913;Lidingö;Studieförberedande;Stockholm
914;Lidingö;Studieförberedande;Stockholm
915;Lidingö;Studieförberedande;Stockholm
916;Lidingö;Studieförberedande;Stockholm
917;Lidingö;Studieförberedande;Stockholm
918;Lidingö;Studieförberedande;Stockholm
919;Lidingö;Studieförberedande;Stockholm
920;Lidingö;Studieförberedande;Stockholm
921;Lidingö;Studieförberedande;Stockholm
922;Lidingö;Studieförberedande;Stockholm
923;Lidingö;Studieförberedande;Stockholm
924;Lidingö;Studieförberedande;Stockholm
925;Lidingö;Studieförberedande;Stockholm
926;Lidingö;Studieförberedande;Stockholm
927;Lidingö;Studieförberedande;Stockholm
928;Lidingö;Studieförberedande;Stockholm
929;Lidingö;Studieförberedande;Stockholm
930;Lidingö;Studieförberedande;Stockholm
931;Lidingö;Studieförberedande;Stockholm
932;Lidingö;Studieförberedande;Stockholm
933;Lidingö;Studieförberedande;Stockholm
934;Lidingö;Studieförberedande;Stockholm
935;Lidingö;Studieförberedande;Stockholm
936;Lidingö;Studieförberedande;Stockholm
937;Lidingö;Studieförberedande;Stockholm
938;Lidingö;Studieförberedande;Stockholm
939;Lidingö;Studieförberedande;Stockholm
940;Lidingö;Studieförberedande;Stockholm
941;Lidingö;Studieförberedande;Stockholm
942;Lidingö;Studieförberedande;Stockholm
943;Lidingö;Studieförberedande;Stockholm
944;Lidingö;Studieförberedande;Stockholm
945;Lidingö;Studieförberedande;Stockholm
946;Lidingö;Studieförberedande;Stockholm
947;Lidingö;Studieförberedande;Stockholm
948;Lidingö;Studieförberedande;Stockholm
949;Lidingö;Studieförberedande;Stockholm
950;Lidingö;Studieförberedande;Stockholm
951;Lidingö;Studieförberedande;Stockholm
952;Lidingö;Studieförberedande;Stockholm
953;Lidingö;Studieförberedande;Stockholm
954;Lidingö;Studieförberedande;Stockholm
955;Lidingö;Studieförberedande;Stockholm
956;Lidingö;Studieförberedande;Stockholm
957;Lidingö;Studieförberedande;Stockholm
958;Lidingö;Studieförberedande;Stockholm
959;Lidingö;Studieförberedande;Stockholm
960;Lidingö;Studieförberedande;Stockholm
961;Lidingö;Studieförberedande;Stockholm
962;Lidingö;Studieförberedande;Stockholm
963;Lidingö;Studieförberedande;Stockholm
964;Lidingö;Studieförberedande;Stockholm
965;Lidingö;Studieförberedande;Stockholm
966;Lidingö;Studieförberedande;Stockholm
967;Lidingö;Studieförberedande;Stockholm
968;Lidingö;Studieförberedande;Stockholm
969;Lidingö;Studieförberedande;Stockholm
970;Lidingö;Studieförberedande;Stockholm
971;Lidingö;Studieförberedande;Stockholm
972;Lidingö;Studieförberedande;Stockholm
973;Lidingö;Studieförberedande;Stockholm
974;Lidingö;Studieförberedande;Stockholm
975;Lidingö;Studieförberedande;Stockholm
976;Lidingö;Studieförberedande;Stockholm
977;Lidingö;Studieförberedande;Stockholm
978;Lidingö;Studieförberedande;Stockholm
979;Lidingö;Studieförberedande;Stockholm
980;Lidingö;Studieförberedande;Stockholm
981;Lidingö;Studieförberedande;Stockholm
982;Lidingö;Studieförberedande;Stockholm
983;Lidingö;Studieförberedande;Stockholm
984;Lidingö;Studieförberedande;Stockholm
985;Lidingö;Studieförberedande;Stockholm
986;Lidingö;Studieförberedande;Stockholm
987;Lidingö;Studieförberedande;Stockholm
988;Lidingö;Studieförberedande;Stockholm
989;Lidingö;Studieförberedande;Stockholm
990;Lidingö;Studieförberedande;Stockholm
991;Lidingö;Studieförberedande;Stockholm
992;Lidingö;Studieförberedande;Stockholm
993;Lidingö;Studieförberedande;Stockholm
994;Lidingö;Studieförberedande;Stockholm
995;Lidingö;Studieförberedande;Stockholm
996;Lidingö;Studieförberedande;Stockholm
997;Lidingö;Studieförberedande;Stockholm
998;Lidingö;Studieförberedande;Stockholm
999;Lidingö;Studieförberedande;Stockholm
1000;Lidingö;Studieförberedande;Stockholm
